parameter,impact,rank
carbon_input_rate,0.33999999999999997,1
clay_content,0.27999999999999997,2
temperature_response,0.15999999999999998,3
moisture_modifier,0.11999999999999997,4
decomposition_rate_modifier,0.09999999999999998,5
